City_ID,City,County_ID
"CTY1","Aberdeen","CNTY100"
"CTY2","Aberdeen","CNTY172"
"CTY3","Aberdeen Proving Ground","CNTY107"
"CTY4","Abingdon","CNTY107"
"CTY5","Acme","CNTY275"
"CTY6","Addy","CNTY250"
"CTY7","Airway Heights","CNTY241"
"CTY8","Alabaster","CNTY233"
"CTY9","Alameda","CNTY3"
"CTY10","Albuquerque","CNTY26"
"CTY11","Alderdale","CNTY138"
"CTY12","Alexandria","CNTY5"
"CTY13","Alexandria","CNTY86"
"CTY14","Algona","CNTY133"
"CTY15","Aliso Viejo","CNTY190"
"CTY16","Allyn","CNTY157"
"CTY17","Almira","CNTY99"
"CTY18","Almira","CNTY146"
"CTY19","Amanda Park","CNTY100"
"CTY20","Amboy","CNTY49"
"CTY21","Amboy","CNTY62"
"CTY22","Anacortes","CNTY236"
"CTY23","Anacortes","CNTY225"
"CTY24","Anaheim","CNTY190"
"CTY25","Anchorage","CNTY8"
"CTY26","Anderson Island","CNTY201"
"CTY27","Ann Arbor","CNTY270"
"CTY28","Annandale","CNTY86"
"CTY29","Annapolis","CNTY9"
"CTY30","Apache Junction","CNTY203"
"CTY31","Appleton","CNTY138"
"CTY32","Arcadia","CNTY148"
"CTY33","Ardenvoir","CNTY43"
"CTY34","Ariel","CNTY62"
"CTY35","Arlington","CNTY238"
"CTY36","Arlington","CNTY11"
"CTY37","Arlington","CNTY234"
"CTY38","Arnold","CNTY9"
"CTY39","Arroyo Grande","CNTY226"
"CTY40","Artondale","CNTY201"
"CTY41","Ashford","CNTY201"
"CTY42","Ashford","CNTY144"
"CTY43","Asotin","CNTY12"
"CTY44","Atlanta","CNTY70"
"CTY45","Auburn","CNTY133"
"CTY46","Auburn","CNTY201"
"CTY47","Augusta","CNTY215"
"CTY48","Austin","CNTY260"
"CTY49","Austin","CNTY277"
"CTY50","Bainbridge Island","CNTY136"
"CTY51","Ballwin","CNTY246"
"CTY52","Baltimore","CNTY15"
"CTY53","Barboursville","CNTY193"
"CTY54","Baring","CNTY133"
"CTY55","Barstow","CNTY221"
"CTY56","Battle Ground","CNTY49"
"CTY57","Bay Center","CNTY196"
"CTY58","Bay Point","CNTY59"
"CTY59","Baytown","CNTY109"
"CTY60","Beale Afb","CNTY282"
"CTY61","Beaux Arts","CNTY133"
"CTY62","Beaver","CNTY48"
"CTY63","Beavercreek","CNTY101"
"CTY64","Belfair","CNTY157"
"CTY65","Belfair","CNTY136"
"CTY66","Bella Vista","CNTY24"
"CTY67","Belle Fourche","CNTY35"
"CTY68","Belleville","CNTY243"
"CTY69","Bellevue","CNTY133"
"CTY70","Bellevue","CNTY232"
"CTY71","Bellingham","CNTY275"
"CTY72","Bellingham","CNTY236"
"CTY73","Belton","CNTY21"
"CTY74","Bend","CNTY72"
"CTY75","Benge","CNTY2"
"CTY76","Benicia","CNTY239"
"CTY77","Benton City","CNTY22"
"CTY78","Bentonville","CNTY24"
"CTY79","Berkeley","CNTY3"
"CTY80","Bessemer","CNTY126"
"CTY81","Bethesda","CNTY170"
"CTY82","Bickleton","CNTY138"
"CTY83","Biloxi","CNTY110"
"CTY84","Bingen","CNTY237"
"CTY85","Bingen","CNTY138"
"CTY86","Black Diamond","CNTY133"
"CTY87","Blaine","CNTY275"
"CTY88","Blythe","CNTY216"
"CTY89","Boca Raton","CNTY197"
"CTY90","Boise","CNTY1"
"CTY91","Bonney Lake","CNTY201"
"CTY92","Bothell","CNTY238"
"CTY93","Bothell","CNTY133"
"CTY94","Bow","CNTY236"
"CTY95","Bowie","CNTY210"
"CTY96","Bradenton","CNTY153"
"CTY97","Brambleton","CNTY149"
"CTY98","Bremerton","CNTY136"
"CTY99","Brentwood","CNTY278"
"CTY100","Brewer","CNTY200"
"CTY101","Brewster","CNTY186"
"CTY102","Brewster","CNTY17"
"CTY103","Bridgeport","CNTY76"
"CTY104","Bridgeport Bar","CNTY76"
"CTY105","Brier","CNTY238"
"CTY106","Brinnon","CNTY123"
"CTY107","Bristol","CNTY111"
"CTY108","Brooklyn","CNTY134"
"CTY109","Brush Prairie","CNTY49"
"CTY110","Buckeye","CNTY154"
"CTY111","Buckley","CNTY201"
"CTY112","Bucoda","CNTY258"
"CTY113","Buena","CNTY279"
"CTY114","Buena Park","CNTY190"
"CTY115","Buffalo Grove","CNTY140"
"CTY116","Bunnlevel","CNTY108"
"CTY117","Burbank","CNTY267"
"CTY118","Burien","CNTY133"
"CTY119","Burke","CNTY86"
"CTY120","Burlington","CNTY236"
"CTY121","Burlington","CNTY163"
"CTY122","Bz Corner","CNTY138"
"CTY123","Calabasas","CNTY148"
"CTY124","Calera","CNTY233"
"CTY125","California","CNTY247"
"CTY126","California City","CNTY132"
"CTY127","Camano Island","CNTY121"
"CTY128","Camarillo","CNTY263"
"CTY129","Camas","CNTY49"
"CTY130","Cambridge","CNTY163"
"CTY131","Campbell","CNTY228"
"CTY132","Carbonado","CNTY201"
"CTY133","Carlton","CNTY186"
"CTY134","Carnation","CNTY133"
"CTY135","Carrollton","CNTY67"
"CTY136","Carson","CNTY237"
"CTY137","Carthage","CNTY172"
"CTY138","Cary","CNTY266"
"CTY139","Cashmere","CNTY43"
"CTY140","Castle Rock","CNTY62"
"CTY141","Castle Rock","CNTY77"
"CTY142","Cathedral City","CNTY216"
"CTY143","Cathlamet","CNTY265"
"CTY144","Centerville","CNTY138"
"CTY145","Centralia","CNTY258"
"CTY146","Centralia","CNTY144"
"CTY147","Centre Hall","CNTY41"
"CTY148","Chantilly","CNTY149"
"CTY149","Charlottesville","CNTY4"
"CTY150","Chattaroy","CNTY241"
"CTY151","Chehalis","CNTY144"
"CTY152","Chelan","CNTY43"
"CTY153","Chelan","CNTY186"
"CTY154","Chelan Falls","CNTY43"
"CTY155","Cheney","CNTY241"
"CTY156","Chesapeake","CNTY44"
"CTY157","Chester","CNTY45"
"CTY158","Chestnut Hill","CNTY181"
"CTY159","Chewelah","CNTY250"
"CTY160","Cheyenne","CNTY141"
"CTY161","Chicago","CNTY60"
"CTY162","Chimacum","CNTY123"
"CTY163","Chinook","CNTY196"
"CTY164","Chula Vista","CNTY222"
"CTY165","Cincinnati","CNTY104"
"CTY166","Cinebar","CNTY144"
"CTY167","Clackamas","CNTY47"
"CTY168","Clallam Bay","CNTY48"
"CTY169","Clarkston","CNTY12"
"CTY170","Clayton","CNTY250"
"CTY171","Clayton","CNTY241"
"CTY172","Cle Elum","CNTY137"
"CTY173","Clearlake","CNTY236"
"CTY174","Cleveland","CNTY65"
"CTY175","Clinton","CNTY121"
"CTY176","Clyde Hill","CNTY133"
"CTY177","Coeur D Alene","CNTY139"
"CTY178","Colbert","CNTY241"
"CTY179","Colfax","CNTY276"
"CTY180","College Place","CNTY267"
"CTY181","Colorado Springs","CNTY83"
"CTY182","Colton","CNTY276"
"CTY183","Columbia","CNTY214"
"CTY184","Columbus","CNTY174"
"CTY185","Colville","CNTY250"
"CTY186","Conconully","CNTY186"
"CTY187","Concrete","CNTY236"
"CTY188","Connell","CNTY91"
"CTY189","Copalis Beach","CNTY100"
"CTY190","Copalis Crossing","CNTY100"
"CTY191","Coral Gables","CNTY162"
"CTY192","Coral Springs","CNTY31"
"CTY193","Coronado","CNTY222"
"CTY194","Corpus Christi","CNTY182"
"CTY195","Corvallis","CNTY23"
"CTY196","Cosmopolis","CNTY100"
"CTY197","Cougar","CNTY62"
"CTY198","Coulee City","CNTY76"
"CTY199","Coulee City","CNTY99"
"CTY200","Coulee Dam","CNTY186"
"CTY201","Coulee Dam","CNTY76"
"CTY202","Coupeville","CNTY121"
"CTY203","Covington","CNTY133"
"CTY204","Cowiche","CNTY279"
"CTY205","Creston","CNTY146"
"CTY206","Crestview","CNTY185"
"CTY207","Crofton","CNTY9"
"CTY208","Culver City","CNTY148"
"CTY209","Cumming","CNTY89"
"CTY210","Cupertino","CNTY228"
"CTY211","Curlew","CNTY88"
"CTY212","Curtis","CNTY144"
"CTY213","Cusick","CNTY199"
"CTY214","Custer","CNTY275"
"CTY215","Cypress","CNTY190"
"CTY216","Dallas","CNTY67"
"CTY217","Dallesport","CNTY138"
"CTY218","Damascus","CNTY47"
"CTY219","Dana Point","CNTY190"
"CTY220","Danville","CNTY88"
"CTY221","Darrington","CNTY236"
"CTY222","Darrington","CNTY238"
"CTY223","Davenport","CNTY146"
"CTY224","Dayton","CNTY57"
"CTY225","Dayton","CNTY171"
"CTY226","Decatur Is","CNTY225"
"CTY227","Dededo","CNTY102"
"CTY228","Deer Harbor","CNTY225"
"CTY229","Deer Meadows","CNTY146"
"CTY230","Deer Park","CNTY241"
"CTY231","Deer Park","CNTY250"
"CTY232","Deer Park","CNTY199"
"CTY233","Deming","CNTY275"
"CTY234","Denver","CNTY71"
"CTY235","Deridder","CNTY19"
"CTY236","Des Moines","CNTY133"
"CTY237","Des Plaines","CNTY60"
"CTY238","Dixie","CNTY267"
"CTY239","Dothan","CNTY118"
"CTY240","Dryden","CNTY43"
"CTY241","Dublin","CNTY3"
"CTY242","Duluth","CNTY103"
"CTY243","Dumfries","CNTY211"
"CTY244","Dupont","CNTY201"
"CTY245","Duvall","CNTY133"
"CTY246","East Wenatchee","CNTY76"
"CTY247","Easton","CNTY137"
"CTY248","Eastsound","CNTY225"
"CTY249","Eatonville","CNTY201"
"CTY250","Edgewater","CNTY9"
"CTY251","Edgewood","CNTY201"
"CTY252","Edmonds","CNTY238"
"CTY253","Edwall","CNTY241"
"CTY254","Edwall","CNTY146"
"CTY255","Edwards","CNTY132"
"CTY256","Egg Harbor Township","CNTY13"
"CTY257","El Cajon","CNTY222"
"CTY258","El Paso","CNTY82"
"CTY259","Elbe","CNTY201"
"CTY260","Electric City","CNTY99"
"CTY261","Elk","CNTY241"
"CTY262","Elk","CNTY199"
"CTY263","Elk Grove","CNTY219"
"CTY264","Elkhorn","CNTY79"
"CTY265","Ellensburg","CNTY137"
"CTY266","Ellicott City","CNTY119"
"CTY267","Elma","CNTY100"
"CTY268","Elma","CNTY157"
"CTY269","Elmer City","CNTY186"
"CTY270","Eltopia","CNTY91"
"CTY271","Endicott","CNTY276"
"CTY272","Englewood","CNTY10"
"CTY273","Enid","CNTY97"
"CTY274","Entiat","CNTY43"
"CTY275","Enumclaw","CNTY133"
"CTY276","Enumclaw","CNTY201"
"CTY277","Ephrata","CNTY99"
"CTY278","Ephrata","CNTY76"
"CTY279","Epping","CNTY217"
"CTY280","Escondido","CNTY222"
"CTY281","Ethel","CNTY144"
"CTY282","Evans","CNTY250"
"CTY283","Evans","CNTY58"
"CTY284","Everett","CNTY238"
"CTY285","Everson","CNTY275"
"CTY286","Fairchild Air Force Base","CNTY241"
"CTY287","Fairfield","CNTY241"
"CTY288","Fairview","CNTY173"
"CTY289","Fall City","CNTY133"
"CTY290","Fallbrook","CNTY222"
"CTY291","Fallon","CNTY46"
"CTY292","Falls Church","CNTY86"
"CTY293","Farmington","CNTY276"
"CTY294","Fayetteville","CNTY63"
"CTY295","Feasterville Trevose","CNTY33"
"CTY296","Federal Way","CNTY133"
"CTY297","Feeding Hills","CNTY105"
"CTY298","Ferndale","CNTY275"
"CTY299","Fife","CNTY201"
"CTY300","Fircrest","CNTY201"
"CTY301","Ford","CNTY250"
"CTY302","Ford","CNTY146"
"CTY303","Forks","CNTY48"
"CTY304","Forks","CNTY123"
"CTY305","Fort Belvoir","CNTY86"
"CTY306","Fort Bragg","CNTY63"
"CTY307","Fort Cavazos","CNTY21"
"CTY308","Fort Cavazos","CNTY61"
"CTY309","Fort Drum","CNTY124"
"CTY310","Fort George G Meade","CNTY9"
"CTY311","Fort Hood","CNTY21"
"CTY312","Fort Huachuca","CNTY55"
"CTY313","Fort Irwin","CNTY221"
"CTY314","Fort Knox","CNTY159"
"CTY315","Fort Lauderdale","CNTY31"
"CTY316","Fort Leavenworth","CNTY143"
"CTY317","Fort Lee","CNTY209"
"CTY318","Fort Leonard Wood","CNTY213"
"CTY319","Fort Novosel","CNTY66"
"CTY320","Fort Washington","CNTY210"
"CTY321","Fort Wayne","CNTY7"
"CTY322","Fox Island","CNTY201"
"CTY323","Frances","CNTY196"
"CTY324","Frederick","CNTY93"
"CTY325","Fredericksburg","CNTY248"
"CTY326","Freehold","CNTY166"
"CTY327","Freeland","CNTY121"
"CTY328","Fresno","CNTY94"
"CTY329","Friday Harbor","CNTY225"
"CTY330","Fruitland","CNTY250"
"CTY331","Fulshear","CNTY90"
"CTY332","Gaithersburg","CNTY170"
"CTY333","Gales Ferry","CNTY176"
"CTY334","Galivants Ferry","CNTY116"
"CTY335","Galvin","CNTY144"
"CTY336","Garden Grove","CNTY190"
"CTY337","Gardiner","CNTY123"
"CTY338","Garfield","CNTY276"
"CTY339","Geneva","CNTY129"
"CTY340","Germantown","CNTY170"
"CTY341","Gifford","CNTY250"
"CTY342","Gig Harbor","CNTY201"
"CTY343","Gig Harbor","CNTY136"
"CTY344","Glacier","CNTY275"
"CTY345","Glenoma","CNTY144"
"CTY346","Glenwood","CNTY138"
"CTY347","Gold Bar","CNTY238"
"CTY348","Gold Bar","CNTY133"
"CTY349","Goldendale","CNTY138"
"CTY350","Goshen","CNTY187"
"CTY351","Graham","CNTY201"
"CTY352","Grand Coulee","CNTY146"
"CTY353","Grand Coulee","CNTY99"
"CTY354","Grand Coulee","CNTY76"
"CTY355","Grandview","CNTY279"
"CTY356","Grandview","CNTY22"
"CTY357","Granger","CNTY279"
"CTY358","Granite Falls","CNTY238"
"CTY359","Grapeview","CNTY157"
"CTY360","Grayland","CNTY100"
"CTY361","Grayland","CNTY196"
"CTY362","Grays River","CNTY265"
"CTY363","Great Lakes","CNTY140"
"CTY364","Great Neck","CNTY175"
"CTY365","Green Bay","CNTY32"
"CTY366","Greenacres","CNTY241"
"CTY367","Greenbank","CNTY121"
"CTY368","Greene","CNTY131"
"CTY369","Greenfield Center","CNTY231"
"CTY370","Greenwood Village","CNTY10"
"CTY371","Gresham","CNTY173"
"CTY372","Grovetown","CNTY58"
"CTY373","Guerneville","CNTY240"
"CTY374","Gunpowder","CNTY107"
"CTY375","Hamilton","CNTY236"
"CTY376","Hanahan","CNTY25"
"CTY377","Hanapepe","CNTY130"
"CTY378","Hanford","CNTY135"
"CTY379","Hanover","CNTY9"
"CTY380","Hansville","CNTY136"
"CTY381","Harrah","CNTY279"
"CTY382","Harrington","CNTY146"
"CTY383","Harrison","CNTY120"
"CTY384","Hartline","CNTY99"
"CTY385","Hatton","CNTY2"
"CTY386","Havre De Grace","CNTY107"
"CTY387","Hawthorne","CNTY148"
"CTY388","Haymarket","CNTY211"
"CTY389","Helendale","CNTY221"
"CTY390","Henderson","CNTY50"
"CTY391","Henrico","CNTY98"
"CTY392","Herndon","CNTY86"
"CTY393","Hialeah","CNTY162"
"CTY394","Hidden Hills","CNTY148"
"CTY395","High Prairie","CNTY138"
"CTY396","Hillsboro","CNTY268"
"CTY397","Holloman Air Force Base","CNTY195"
"CTY398","Holly Springs","CNTY266"
"CTY399","Hoodsport","CNTY157"
"CTY400","Hoquiam","CNTY100"
"CTY401","Houston","CNTY109"
"CTY402","Hunters","CNTY250"
"CTY403","Huntington Beach","CNTY190"
"CTY404","Huntington Station","CNTY253"
"CTY405","Hunts Point","CNTY133"
"CTY406","Husum","CNTY138"
"CTY407","Hutto","CNTY277"
"CTY408","Hyde Park","CNTY252"
"CTY409","Ilwaco","CNTY196"
"CTY410","Inchelium","CNTY88"
"CTY411","Incorporated","CNTY201"
"CTY412","Index","CNTY238"
"CTY413","Indianapolis","CNTY156"
"CTY414","Indianola","CNTY136"
"CTY415","Ione","CNTY199"
"CTY416","Irvine","CNTY190"
"CTY417","Issaquah","CNTY133"
"CTY418","Jacksonville","CNTY81"
"CTY419","Jacksonville Beach","CNTY81"
"CTY420","Jbsa Ft Sam Houston","CNTY27"
"CTY421","Jbsa Lackland","CNTY27"
"CTY422","Johnstown","CNTY274"
"CTY423","Joint Base Lewis Mcchord","CNTY201"
"CTY424","Joint Base Mdl","CNTY34"
"CTY425","Kahlotus","CNTY91"
"CTY426","Kalama","CNTY62"
"CTY427","Kansas City","CNTY52"
"CTY428","Kansas City","CNTY205"
"CTY429","Kapowsin","CNTY201"
"CTY430","Kelso","CNTY62"
"CTY431","Kenmore","CNTY133"
"CTY432","Kennewick","CNTY22"
"CTY433","Kent","CNTY133"
"CTY434","Kettle Falls","CNTY250"
"CTY435","Kettle Falls","CNTY88"
"CTY436","Keyport","CNTY136"
"CTY437","Kihei","CNTY158"
"CTY438","Killeen","CNTY21"
"CTY439","Kingston","CNTY136"
"CTY440","Kirkland","CNTY133"
"CTY441","Kissimmee","CNTY194"
"CTY442","Kittitas","CNTY137"
"CTY443","Klickitat","CNTY138"
"CTY444","La Center","CNTY49"
"CTY445","La Conner","CNTY236"
"CTY446","La Jolla","CNTY222"
"CTY447","Lacey","CNTY258"
"CTY448","Lacrosse","CNTY276"
"CTY449","Ladera Ranch","CNTY190"
"CTY450","Laguna Hills","CNTY190"
"CTY451","Laguna Niguel","CNTY190"
"CTY452","Lake Forest","CNTY190"
"CTY453","Lake Forest Park","CNTY133"
"CTY454","Lake Oswego","CNTY47"
"CTY455","Lake Ozark","CNTY164"
"CTY456","Lake Stevens","CNTY238"
"CTY457","Lake Tapps","CNTY201"
"CTY458","Lake Zurich","CNTY140"
"CTY459","Lakebay","CNTY201"
"CTY460","Lakeside","CNTY222"
"CTY461","Lakeview","CNTY99"
"CTY462","Lakewood","CNTY201"
"CTY463","Lamont","CNTY276"
"CTY464","Langley","CNTY121"
"CTY465","Laredo","CNTY272"
"CTY466","Larkspur","CNTY155"
"CTY467","Las Cruces","CNTY74"
"CTY468","Las Vegas","CNTY50"
"CTY469","Latah","CNTY241"
"CTY470","Laurel","CNTY119"
"CTY471","Laveen","CNTY154"
"CTY472","League City","CNTY95"
"CTY473","Leander","CNTY260"
"CTY474","Leavenworth","CNTY43"
"CTY475","Lebam","CNTY196"
"CTY476","Lewiston","CNTY179"
"CTY477","Lexington","CNTY87"
"CTY478","Lexington Park","CNTY247"
"CTY479","Liberty Lake","CNTY241"
"CTY480","Libertyville","CNTY140"
"CTY481","Lilliwaup","CNTY157"
"CTY482","Lincoln","CNTY146"
"CTY483","Lind","CNTY2"
"CTY484","Lisle","CNTY80"
"CTY485","Littleton","CNTY77"
"CTY486","Liverpool","CNTY188"
"CTY487","Lomita","CNTY148"
"CTY488","Long Beach","CNTY196"
"CTY489","Longbranch","CNTY201"
"CTY490","Longview","CNTY62"
"CTY491","Loon Lake","CNTY250"
"CTY492","Lopez Is","CNTY225"
"CTY493","Lopez Island","CNTY225"
"CTY494","Lorton","CNTY86"
"CTY495","Los Angeles","CNTY148"
"CTY496","Louisville","CNTY125"
"CTY497","Ludowici","CNTY147"
"CTY498","Lumber Bridge","CNTY115"
"CTY499","Lummi Island","CNTY275"
"CTY500","Lyle","CNTY138"
"CTY501","Lyman","CNTY236"
"CTY502","Lynden","CNTY275"
"CTY503","Lynnwood","CNTY238"
"CTY504","Mabton","CNTY279"
"CTY505","Madison","CNTY152"
"CTY506","Malaga","CNTY43"
"CTY507","Malden","CNTY276"
"CTY508","Malo","CNTY88"
"CTY509","Malott","CNTY186"
"CTY510","Manassas","CNTY211"
"CTY511","Manchester Township","CNTY184"
"CTY512","Manhattan","CNTY208"
"CTY513","Mansfield","CNTY76"
"CTY514","Manson","CNTY43"
"CTY515","Maple Falls","CNTY275"
"CTY516","Maple Valley","CNTY133"
"CTY517","Marblemount","CNTY236"
"CTY518","Maricopa","CNTY203"
"CTY519","Marina","CNTY169"
"CTY520","Marlin","CNTY99"
"CTY521","Martha Lake","CNTY238"
"CTY522","Maryhill","CNTY138"
"CTY523","Marysville","CNTY238"
"CTY524","Matlock","CNTY157"
"CTY525","Mattawa","CNTY99"
"CTY526","Mazama","CNTY186"
"CTY527","Mc Lean","CNTY86"
"CTY528","McChord AFB","CNTY201"
"CTY529","Mccleary","CNTY100"
"CTY530","Mccleary","CNTY157"
"CTY531","Mckenna","CNTY201"
"CTY532","Mead","CNTY241"
"CTY533","Medical Lake","CNTY241"
"CTY534","Medina","CNTY133"
"CTY535","Medina","CNTY160"
"CTY536","Melbourne","CNTY30"
"CTY537","Memphis","CNTY234"
"CTY538","Menifee","CNTY216"
"CTY539","Menlo","CNTY196"
"CTY540","Mercer Island","CNTY133"
"CTY541","Mesa","CNTY91"
"CTY542","Metaline","CNTY199"
"CTY543","Methow","CNTY186"
"CTY544","Mica","CNTY241"
"CTY545","Middleburg","CNTY53"
"CTY546","Middletown","CNTY93"
"CTY547","Middletown","CNTY178"
"CTY548","Mill Creek","CNTY238"
"CTY549","Mill Valley","CNTY155"
"CTY550","Milton","CNTY133"
"CTY551","Milton","CNTY201"
"CTY552","Milton Freewater","CNTY261"
"CTY553","Milwaukee","CNTY165"
"CTY554","Mineral","CNTY144"
"CTY555","Minneapolis","CNTY112"
"CTY556","Miramar","CNTY31"
"CTY557","Moclips","CNTY100"
"CTY558","Moncks Corner","CNTY25"
"CTY559","Monitor","CNTY43"
"CTY560","Monroe","CNTY238"
"CTY561","Monrovia","CNTY148"
"CTY562","Montclair","CNTY85"
"CTY563","Monterey","CNTY169"
"CTY564","Montesano","CNTY100"
"CTY565","Monument","CNTY83"
"CTY566","Moreno Valley","CNTY216"
"CTY567","Morton","CNTY144"
"CTY568","Moses Lake","CNTY99"
"CTY569","Mossyrock","CNTY144"
"CTY570","Mount Vernon","CNTY236"
"CTY571","Mountain View","CNTY228"
"CTY572","Mountlake Terrace","CNTY238"
"CTY573","Moxee","CNTY279"
"CTY574","Moyock","CNTY64"
"CTY575","Mukilteo","CNTY238"
"CTY576","Mulino","CNTY47"
"CTY577","Murdock","CNTY138"
"CTY578","Murrieta","CNTY216"
"CTY579","Mustang","CNTY39"
"CTY580","Naches","CNTY279"
"CTY581","Nahcotta","CNTY196"
"CTY582","Napavine","CNTY144"
"CTY583","Naselle","CNTY196"
"CTY584","Naselle","CNTY265"
"CTY585","Nashville","CNTY69"
"CTY586","Neah Bay","CNTY48"
"CTY587","Nemah","CNTY196"
"CTY588","Neptune Beach","CNTY81"
"CTY589","Nespelem","CNTY186"
"CTY590","New York","CNTY177"
"CTY591","Newark","CNTY3"
"CTY592","Newcastle","CNTY133"
"CTY593","Newington","CNTY111"
"CTY594","Newman Lake","CNTY241"
"CTY595","Newport","CNTY199"
"CTY596","Newport","CNTY178"
"CTY597","Newtown","CNTY33"
"CTY598","Niceville","CNTY185"
"CTY599","Nine Mile Falls","CNTY250"
"CTY600","Nine Mile Falls","CNTY241"
"CTY601","Nooksack","CNTY275"
"CTY602","Nordland","CNTY123"
"CTY603","Norfolk","CNTY180"
"CTY604","Norman","CNTY54"
"CTY605","Normandy Park","CNTY133"
"CTY606","North Bend","CNTY133"
"CTY607","North Bonneville","CNTY237"
"CTY608","North Charleston","CNTY75"
"CTY609","North Cove","CNTY196"
"CTY610","North Las Vegas","CNTY50"
"CTY611","Northport","CNTY250"
"CTY612","Northwestern Lake","CNTY138"
"CTY613","Norwich","CNTY176"
"CTY614","Novato","CNTY155"
"CTY615","O Fallon","CNTY242"
"CTY616","Oak Harbor","CNTY121"
"CTY617","Oakdale","CNTY6"
"CTY618","Oakesdale","CNTY276"
"CTY619","Oakville","CNTY100"
"CTY620","Oakville","CNTY258"
"CTY621","Ocean Park","CNTY196"
"CTY622","Ocean Shores","CNTY100"
"CTY623","Oceanside","CNTY222"
"CTY624","Odessa","CNTY146"
"CTY625","Ogden","CNTY273"
"CTY626","Okanogan","CNTY186"
"CTY627","Okatie","CNTY18"
"CTY628","Olalla","CNTY136"
"CTY629","Old Lyme","CNTY176"
"CTY630","Olga","CNTY225"
"CTY631","Olympia","CNTY258"
"CTY632","Olympia","CNTY157"
"CTY633","Omak","CNTY186"
"CTY634","Onalaska","CNTY144"
"CTY635","Onawa","CNTY167"
"CTY636","Orange Park","CNTY53"
"CTY637","Orcas","CNTY225"
"CTY638","Orcas Is","CNTY225"
"CTY639","Orient","CNTY88"
"CTY640","Orlando","CNTY191"
"CTY641","Orondo","CNTY76"
"CTY642","Oroville","CNTY186"
"CTY643","Orting","CNTY201"
"CTY644","Othello","CNTY2"
"CTY645","Othello","CNTY99"
"CTY646","Othello","CNTY91"
"CTY647","Otis Orchards","CNTY241"
"CTY648","Outlook","CNTY279"
"CTY649","Owings","CNTY37"
"CTY650","Oysterville","CNTY196"
"CTY651","Pacific","CNTY133"
"CTY652","Pacific","CNTY201"
"CTY653","Pacific Beach","CNTY100"
"CTY654","Pacific Grove","CNTY169"
"CTY655","Pacifica","CNTY227"
"CTY656","Packwood","CNTY144"
"CTY657","Pahrump","CNTY183"
"CTY658","Paia","CNTY158"
"CTY659","Palisades","CNTY76"
"CTY660","Palm Springs","CNTY216"
"CTY661","Palo Alto","CNTY228"
"CTY662","Palouse","CNTY276"
"CTY663","Parker","CNTY279"
"CTY664","Parkland","CNTY201"
"CTY665","Pasadena","CNTY9"
"CTY666","Pasc","CNTY91"
"CTY667","Pasco","CNTY91"
"CTY668","Pateros","CNTY186"
"CTY669","Paterson","CNTY22"
"CTY670","Pe Ell","CNTY144"
"CTY671","Pensacola","CNTY84"
"CTY672","Perry","CNTY235"
"CTY673","Peshastin","CNTY43"
"CTY674","Phoenix","CNTY154"
"CTY675","Piedmont","CNTY3"
"CTY676","Pikeville","CNTY271"
"CTY677","Pittsburgh","CNTY6"
"CTY678","Plano","CNTY56"
"CTY679","Pleasant Grove","CNTY262"
"CTY680","Pocatello","CNTY16"
"CTY681","Point Roberts","CNTY275"
"CTY682","Pomeroy","CNTY96"
"CTY683","Port Angeles","CNTY48"
"CTY684","Port Gamble","CNTY136"
"CTY685","Port Hadlock","CNTY123"
"CTY686","Port Hueneme","CNTY263"
"CTY687","Port Ludlow","CNTY123"
"CTY688","Port Orchard","CNTY136"
"CTY689","Port Townsend","CNTY123"
"CTY690","Portland","CNTY173"
"CTY691","Portland","CNTY268"
"CTY692","Portland","CNTY47"
"CTY693","Portsmouth","CNTY217"
"CTY694","Portsmouth","CNTY207"
"CTY695","Post Falls","CNTY139"
"CTY696","Poulsbo","CNTY136"
"CTY697","Pouslbo","CNTY136"
"CTY698","Prattville","CNTY14"
"CTY699","Prescott","CNTY267"
"CTY700","Preston","CNTY133"
"CTY701","Prince George","CNTY209"
"CTY702","Princeton","CNTY56"
"CTY703","Pros","CNTY22"
"CTY704","Prosser","CNTY22"
"CTY705","Prosser","CNTY138"
"CTY706","Prosser","CNTY279"
"CTY707","Providence","CNTY212"
"CTY708","Pullman","CNTY276"
"CTY709","Puyallup","CNTY201"
"CTY710","Quilcene","CNTY123"
"CTY711","Quinault","CNTY100"
"CTY712","Quincy","CNTY99"
"CTY713","Quincy","CNTY76"
"CTY714","Raeford","CNTY115"
"CTY715","Rainier","CNTY258"
"CTY716","Ramona","CNTY222"
"CTY717","Randle","CNTY144"
"CTY718","Ravensdale","CNTY133"
"CTY719","Raymond","CNTY196"
"CTY720","Reardan","CNTY241"
"CTY721","Reardan","CNTY146"
"CTY722","Redmond","CNTY133"
"CTY723","Redwood City","CNTY227"
"CTY724","Reno","CNTY269"
"CTY725","Renton","CNTY133"
"CTY726","Republic","CNTY88"
"CTY727","Rice","CNTY250"
"CTY728","Rich","CNTY22"
"CTY729","Richland","CNTY22"
"CTY730","Ridgefield","CNTY49"
"CTY731","Rineyville","CNTY106"
"CTY732","Rio Rico","CNTY229"
"CTY733","Ritzville","CNTY2"
"CTY734","Riverside","CNTY186"
"CTY735","Riverside","CNTY216"
"CTY736","Rochester","CNTY258"
"CTY737","Rochester","CNTY144"
"CTY738","Rochester","CNTY20"
"CTY739","Rock Island","CNTY76"
"CTY740","Rockford","CNTY241"
"CTY741","Rockingham","CNTY218"
"CTY742","Rockledge","CNTY30"
"CTY743","Rockport","CNTY236"
"CTY744","Ronald","CNTY137"
"CTY745","Roosevelt","CNTY138"
"CTY746","Rosalia","CNTY276"
"CTY747","Rosalia","CNTY241"
"CTY748","Rosburg","CNTY265"
"CTY749","Roseville","CNTY204"
"CTY750","Roslyn","CNTY137"
"CTY751","Roy","CNTY201"
"CTY752","Royal City","CNTY99"
"CTY753","Ruston","CNTY201"
"CTY754","Ryderwood","CNTY62"
"CTY755","Sacramento","CNTY219"
"CTY756","Saint Jacob","CNTY151"
"CTY757","Saint Johns","CNTY244"
"CTY758","Saint Louis","CNTY246"
"CTY759","Saint Marys","CNTY38"
"CTY760","Salem","CNTY206"
"CTY761","Salkum","CNTY144"
"CTY762","Salt Lake City","CNTY220"
"CTY763","Sammamish","CNTY133"
"CTY764","San Angelo","CNTY259"
"CTY765","San Antonio","CNTY27"
"CTY766","San Antonio","CNTY161"
"CTY767","San Bruno","CNTY227"
"CTY768","San Diego","CNTY222"
"CTY769","San Francisco","CNTY223"
"CTY770","San Jose","CNTY228"
"CTY771","San Juan Is","CNTY225"
"CTY772","Sanford","CNTY108"
"CTY773","Santa Clara","CNTY228"
"CTY774","Sarasota","CNTY230"
"CTY775","Saratoga","CNTY228"
"CTY776","Saratoga Springs","CNTY231"
"CTY777","Satsop","CNTY100"
"CTY778","Scott Air Force Base","CNTY243"
"CTY779","Scottsdale","CNTY154"
"CTY780","Seabeck","CNTY136"
"CTY781","Seaside","CNTY169"
"CTY782","Seaside","CNTY51"
"CTY783","Seatac","CNTY133"
"CTY784","Seattle","CNTY133"
"CTY785","Seaview","CNTY196"
"CTY786","Sedro Woolley","CNTY275"
"CTY787","Sedro Woolley","CNTY236"
"CTY788","Sedro-Woolley","CNTY236"
"CTY789","Sekiu","CNTY48"
"CTY790","Selah","CNTY279"
"CTY791","Sequim","CNTY48"
"CTY792","Sequim","CNTY123"
"CTY793","Seven Bays","CNTY146"
"CTY794","Severna Park","CNTY9"
"CTY795","Shaw Island","CNTY225"
"CTY796","Shelton","CNTY157"
"CTY797","Shoreline","CNTY133"
"CTY798","Shoreline","CNTY238"
"CTY799","Shreveport","CNTY36"
"CTY800","Silver Creek","CNTY144"
"CTY801","Silver Lake","CNTY62"
"CTY802","Silverdale","CNTY136"
"CTY803","Silverlake","CNTY62"
"CTY804","Skamokawa","CNTY265"
"CTY805","Skokie","CNTY60"
"CTY806","Skykomish","CNTY133"
"CTY807","Smith Creek","CNTY196"
"CTY808","Sneads Ferry","CNTY189"
"CTY809","Snohomish","CNTY238"
"CTY810","Snoqualmie","CNTY133"
"CTY811","Snoqualmie Pass","CNTY133"
"CTY812","Snoqualmie Pass","CNTY137"
"CTY813","Snowden","CNTY138"
"CTY814","Soap Lake","CNTY99"
"CTY815","South Bend","CNTY196"
"CTY816","South Cle Elum","CNTY137"
"CTY817","South Hill","CNTY201"
"CTY818","South Prairie","CNTY201"
"CTY819","Southlake","CNTY256"
"CTY820","Spanaway","CNTY201"
"CTY821","Spangle","CNTY241"
"CTY822","Sparks","CNTY269"
"CTY823","Spokane","CNTY241"
"CTY824","Spokane Valley","CNTY241"
"CTY825","Sprague","CNTY146"
"CTY826","Spring Hill","CNTY113"
"CTY827","Springdale","CNTY250"
"CTY828","Springfield","CNTY86"
"CTY829","St John","CNTY276"
"CTY830","Stafford","CNTY248"
"CTY831","Stanhope","CNTY254"
"CTY832","Stanwood","CNTY238"
"CTY833","Stanwood","CNTY236"
"CTY834","Startup","CNTY238"
"CTY835","Stateline","CNTY78"
"CTY836","Steilacoom","CNTY201"
"CTY837","Sterling","CNTY149"
"CTY838","Stevenson","CNTY237"
"CTY839","Stratford","CNTY99"
"CTY840","Streamwood","CNTY60"
"CTY841","Suffolk","CNTY251"
"CTY842","Sultan","CNTY238"
"CTY843","Sumas","CNTY275"
"CTY844","Summersville","CNTY257"
"CTY845","Summerville","CNTY25"
"CTY846","Sumner","CNTY201"
"CTY847","Sun Valley","CNTY28"
"CTY848","Sunnyside","CNTY279"
"CTY849","Sunnyvale","CNTY228"
"CTY850","Suquamish","CNTY136"
"CTY851","Surfside","CNTY196"
"CTY852","Surprise","CNTY154"
"CTY853","Tacoma","CNTY201"
"CTY854","Taholah","CNTY100"
"CTY855","Tahuya","CNTY157"
"CTY856","Talladega","CNTY255"
"CTY857","Tampa","CNTY114"
"CTY858","Tekoa","CNTY276"
"CTY859","Temecula","CNTY216"
"CTY860","Tempe","CNTY154"
"CTY861","Temple","CNTY21"
"CTY862","Tenino","CNTY258"
"CTY863","Terrytown","CNTY127"
"CTY864","Thorp","CNTY137"
"CTY865","Tieton","CNTY279"
"CTY866","Timnath","CNTY142"
"CTY867","Toano","CNTY122"
"CTY868","Tokeland","CNTY196"
"CTY869","Toledo","CNTY144"
"CTY870","Tomah","CNTY168"
"CTY871","Tonasket","CNTY186"
"CTY872","Toppenish","CNTY279"
"CTY873","Torrance","CNTY148"
"CTY874","Touchet","CNTY267"
"CTY875","Toutle","CNTY62"
"CTY876","Trabuco Canyon","CNTY190"
"CTY877","Tracy","CNTY224"
"CTY878","Trout Lake","CNTY138"
"CTY879","Tucson","CNTY202"
"CTY880","Tukwila","CNTY133"
"CTY881","Tulalip","CNTY238"
"CTY882","Tumtum","CNTY250"
"CTY883","Tumwater","CNTY258"
"CTY884","Turlock","CNTY249"
"CTY885","Tustin","CNTY190"
"CTY886","Twisp","CNTY186"
"CTY887","Underwood","CNTY237"
"CTY888","Union","CNTY157"
"CTY889","Union Gap","CNTY279"
"CTY890","Uniontown","CNTY276"
"CTY891","University Place","CNTY201"
"CTY892","Upper Marlboro","CNTY210"
"CTY893","Usk","CNTY199"
"CTY894","Vacaville","CNTY239"
"CTY895","Vader","CNTY144"
"CTY896","Vallejo","CNTY239"
"CTY897","Valley","CNTY250"
"CTY898","Valleyford","CNTY241"
"CTY899","Vancouver","CNTY49"
"CTY900","Vantage","CNTY137"
"CTY901","Vashon","CNTY133"
"CTY902","Vass","CNTY172"
"CTY903","Vaughn","CNTY201"
"CTY904","Veradale","CNTY241"
"CTY905","Verona","CNTY68"
"CTY906","Vienna","CNTY86"
"CTY907","Ville Platte","CNTY245"
"CTY908","Virginia Beach","CNTY264"
"CTY909","Waban","CNTY163"
"CTY910","Wahkiacus","CNTY138"
"CTY911","Waitsburg","CNTY267"
"CTY912","Waldorf","CNTY42"
"CTY913","Waldron","CNTY225"
"CTY914","Walla Walla","CNTY267"
"CTY915","Walla Walla Co","CNTY267"
"CTY916","Walnut Creek","CNTY59"
"CTY917","Waltham","CNTY163"
"CTY918","Wapato","CNTY279"
"CTY919","Warden","CNTY99"
"CTY920","Warner Robins","CNTY117"
"CTY921","Warren","CNTY150"
"CTY922","Warrensburg","CNTY128"
"CTY923","Warwick","CNTY131"
"CTY924","Washington","CNTY73"
"CTY925","Washougal","CNTY49"
"CTY926","Washougal","CNTY237"
"CTY927","Washtucna","CNTY2"
"CTY928","Watertown","CNTY124"
"CTY929","Waterville","CNTY76"
"CTY930","Waynesboro","CNTY92"
"CTY931","Waynesville","CNTY213"
"CTY932","Wellpinit","CNTY250"
"CTY933","Wenatchee","CNTY43"
"CTY934","Wesley Chapel","CNTY198"
"CTY935","West Columbia","CNTY145"
"CTY936","West Hills","CNTY148"
"CTY937","West Palm Beach","CNTY197"
"CTY938","West Point","CNTY192"
"CTY939","West Richland","CNTY22"
"CTY940","West Sacramento","CNTY280"
"CTY941","Westminster","CNTY40"
"CTY942","Westport","CNTY100"
"CTY943","White Salmon","CNTY138"
"CTY944","White Salmon","CNTY237"
"CTY945","White Swan","CNTY279"
"CTY946","Wilbur","CNTY146"
"CTY947","Wildomar","CNTY216"
"CTY948","Wilkeson","CNTY201"
"CTY949","Willapa","CNTY196"
"CTY950","Williamsburg","CNTY281"
"CTY951","Winchester","CNTY216"
"CTY952","Windsor","CNTY274"
"CTY953","Winlock","CNTY144"
"CTY954","Winter Park","CNTY191"
"CTY955","Winthrop","CNTY186"
"CTY956","Wishram","CNTY138"
"CTY957","Woodbridge","CNTY211"
"CTY958","Woodinville","CNTY238"
"CTY959","Woodinville","CNTY133"
"CTY960","Woodland","CNTY62"
"CTY961","Woodland","CNTY49"
"CTY962","Woodway","CNTY238"
"CTY963","Wrch","CNTY22"
"CTY964","Yacolt","CNTY49"
"CTY965","Yakima","CNTY279"
"CTY966","Yakima","CNTY137"
"CTY967","Yarrow Point","CNTY133"
"CTY968","Yelm","CNTY258"
"CTY969","Yorba Linda","CNTY190"
"CTY970","Yorktown","CNTY281"
"CTY971","Zillah","CNTY279"
"CTY972","Zionsville","CNTY29"
"CTY973","","CNTY283"
"CTY974","","CNTY284"
"CTY975","","CNTY285"
"CTY976","","CNTY286"
"CTY977","","CNTY287"
"CTY978","","CNTY288"
"CTY979","","CNTY289"
