Geography_ID,Postal Code,City_ID
"GEO1",1030,"CTY297"
"GEO2",1803,"CTY121"
"GEO3",2136,"CTY408"
"GEO4",2139,"CTY130"
"GEO5",2453,"CTY917"
"GEO6",2467,"CTY158"
"GEO7",2468,"CTY909"
"GEO8",2631,"CTY102"
"GEO9",2827,"CTY368"
"GEO10",2840,"CTY596"
"GEO11",2842,"CTY547"
"GEO12",2886,"CTY923"
"GEO13",2909,"CTY707"
"GEO14",3042,"CTY279"
"GEO15",3804,"CTY693"
"GEO16",4412,"CTY100"
"GEO17",6010,"CTY107"
"GEO18",6111,"CTY593"
"GEO19",6335,"CTY333"
"GEO20",6360,"CTY613"
"GEO21",6371,"CTY629"
"GEO22",7029,"CTY383"
"GEO23",7042,"CTY562"
"GEO24",7728,"CTY326"
"GEO25",7874,"CTY831"
"GEO26",8234,"CTY256"
"GEO27",8641,"CTY424"
"GEO28",8759,"CTY511"
"GEO29",10009,"CTY590"
"GEO30",10025,"CTY590"
"GEO31",10029,"CTY590"
"GEO32",10996,"CTY938"
"GEO33",11021,"CTY364"
"GEO34",11209,"CTY108"
"GEO35",11746,"CTY404"
"GEO36",12833,"CTY369"
"GEO37",12866,"CTY776"
"GEO38",13090,"CTY486"
"GEO39",13602,"CTY309"
"GEO40",13603,"CTY928"
"GEO41",14092,"CTY476"
"GEO42",15071,"CTY617"
"GEO43",15074,"CTY738"
"GEO44",15222,"CTY677"
"GEO45",16828,"CTY147"
"GEO46",17268,"CTY930"
"GEO47",18940,"CTY597"
"GEO48",19053,"CTY295"
"GEO49",20001,"CTY924"
"GEO50",20003,"CTY924"
"GEO51",20015,"CTY924"
"GEO52",20037,"CTY924"
"GEO53",20112,"CTY510"
"GEO54",20148,"CTY97"
"GEO55",20152,"CTY148"
"GEO56",20166,"CTY837"
"GEO57",20169,"CTY388"
"GEO58",20171,"CTY392"
"GEO59",20601,"CTY912"
"GEO60",20603,"CTY912"
"GEO61",20619,"CTY125"
"GEO62",20653,"CTY478"
"GEO63",20715,"CTY95"
"GEO64",20723,"CTY470"
"GEO65",20736,"CTY649"
"GEO66",20744,"CTY320"
"GEO67",20755,"CTY310"
"GEO68",20772,"CTY892"
"GEO69",20774,"CTY892"
"GEO70",20814,"CTY81"
"GEO71",20874,"CTY340"
"GEO72",20878,"CTY332"
"GEO73",20882,"CTY332"
"GEO74",21005,"CTY3"
"GEO75",21009,"CTY4"
"GEO76",21010,"CTY374"
"GEO77",21012,"CTY38"
"GEO78",21037,"CTY250"
"GEO79",21042,"CTY266"
"GEO80",21076,"CTY379"
"GEO81",21078,"CTY386"
"GEO82",21114,"CTY207"
"GEO83",21122,"CTY665"
"GEO84",21146,"CTY794"
"GEO85",21157,"CTY941"
"GEO86",21224,"CTY52"
"GEO87",21401,"CTY29"
"GEO88",21409,"CTY29"
"GEO89",21701,"CTY324"
"GEO90",21702,"CTY324"
"GEO91",21769,"CTY546"
"GEO92",22003,"CTY28"
"GEO93",22015,"CTY119"
"GEO94",22026,"CTY243"
"GEO95",22041,"CTY292"
"GEO96",22046,"CTY292"
"GEO97",22060,"CTY305"
"GEO98",22079,"CTY494"
"GEO99",22101,"CTY527"
"GEO100",22151,"CTY828"
"GEO101",22152,"CTY828"
"GEO102",22153,"CTY828"
"GEO103",22180,"CTY906"
"GEO104",22193,"CTY957"
"GEO105",22202,"CTY36"
"GEO106",22203,"CTY36"
"GEO107",22301,"CTY12"
"GEO108",22303,"CTY13"
"GEO109",22304,"CTY12"
"GEO110",22305,"CTY12"
"GEO111",22308,"CTY13"
"GEO112",22309,"CTY13"
"GEO113",22311,"CTY12"
"GEO114",22312,"CTY13"
"GEO115",22314,"CTY12"
"GEO116",22405,"CTY325"
"GEO117",22554,"CTY830"
"GEO118",22556,"CTY830"
"GEO119",22801,"CTY741"
"GEO120",22901,"CTY149"
"GEO121",22923,"CTY53"
"GEO122",23168,"CTY867"
"GEO123",23185,"CTY950"
"GEO124",23238,"CTY391"
"GEO125",23320,"CTY156"
"GEO126",23321,"CTY156"
"GEO127",23322,"CTY156"
"GEO128",23323,"CTY156"
"GEO129",23434,"CTY841"
"GEO130",23435,"CTY841"
"GEO131",23453,"CTY908"
"GEO132",23455,"CTY908"
"GEO133",23456,"CTY908"
"GEO134",23462,"CTY908"
"GEO135",23464,"CTY908"
"GEO136",23502,"CTY603"
"GEO137",23503,"CTY603"
"GEO138",23518,"CTY603"
"GEO139",23690,"CTY970"
"GEO140",23691,"CTY970"
"GEO141",23707,"CTY694"
"GEO142",23801,"CTY317"
"GEO143",23831,"CTY157"
"GEO144",23836,"CTY157"
"GEO145",23875,"CTY701"
"GEO146",27332,"CTY772"
"GEO147",27519,"CTY138"
"GEO148",27540,"CTY398"
"GEO149",27863,"CTY676"
"GEO150",27958,"CTY574"
"GEO151",28303,"CTY294"
"GEO152",28306,"CTY294"
"GEO153",28307,"CTY306"
"GEO154",28315,"CTY2"
"GEO155",28323,"CTY116"
"GEO156",28327,"CTY137"
"GEO157",28357,"CTY498"
"GEO158",28376,"CTY714"
"GEO159",28394,"CTY902"
"GEO160",28460,"CTY808"
"GEO161",29172,"CTY935"
"GEO162",29206,"CTY183"
"GEO163",29410,"CTY376"
"GEO164",29420,"CTY608"
"GEO165",29461,"CTY558"
"GEO166",29483,"CTY845"
"GEO167",29544,"CTY334"
"GEO168",29909,"CTY627"
"GEO169",30041,"CTY209"
"GEO170",30096,"CTY242"
"GEO171",30316,"CTY44"
"GEO172",30809,"CTY283"
"GEO173",30813,"CTY372"
"GEO174",30909,"CTY47"
"GEO175",31098,"CTY920"
"GEO176",31316,"CTY497"
"GEO177",31558,"CTY759"
"GEO178",31907,"CTY184"
"GEO179",31909,"CTY184"
"GEO180",32065,"CTY636"
"GEO181",32068,"CTY545"
"GEO182",32205,"CTY418"
"GEO183",32207,"CTY418"
"GEO184",32218,"CTY418"
"GEO185",32233,"CTY418"
"GEO186",32250,"CTY419"
"GEO187",32256,"CTY418"
"GEO188",32258,"CTY418"
"GEO189",32259,"CTY757"
"GEO190",32266,"CTY588"
"GEO191",32504,"CTY671"
"GEO192",32536,"CTY206"
"GEO193",32578,"CTY598"
"GEO194",32789,"CTY954"
"GEO195",32808,"CTY640"
"GEO196",32828,"CTY640"
"GEO197",32835,"CTY640"
"GEO198",32904,"CTY536"
"GEO199",32955,"CTY742"
"GEO200",33018,"CTY393"
"GEO201",33027,"CTY556"
"GEO202",33065,"CTY192"
"GEO203",33146,"CTY191"
"GEO204",33308,"CTY315"
"GEO205",33323,"CTY315"
"GEO206",33401,"CTY937"
"GEO207",33496,"CTY89"
"GEO208",33544,"CTY934"
"GEO209",33608,"CTY857"
"GEO210",33610,"CTY857"
"GEO211",33611,"CTY857"
"GEO212",33619,"CTY857"
"GEO213",33647,"CTY857"
"GEO214",34203,"CTY96"
"GEO215",34242,"CTY774"
"GEO216",34606,"CTY826"
"GEO217",34747,"CTY441"
"GEO218",35007,"CTY8"
"GEO219",35022,"CTY80"
"GEO220",35040,"CTY124"
"GEO221",35160,"CTY856"
"GEO222",35758,"CTY505"
"GEO223",36067,"CTY698"
"GEO224",36303,"CTY239"
"GEO225",36362,"CTY319"
"GEO226",37027,"CTY99"
"GEO227",37207,"CTY585"
"GEO228",38002,"CTY37"
"GEO229",38105,"CTY537"
"GEO230",38119,"CTY537"
"GEO231",39532,"CTY83"
"GEO232",40026,"CTY350"
"GEO233",40121,"CTY314"
"GEO234",40162,"CTY731"
"GEO235",40207,"CTY496"
"GEO236",40214,"CTY496"
"GEO237",40503,"CTY477"
"GEO238",44103,"CTY174"
"GEO239",44256,"CTY535"
"GEO240",45243,"CTY165"
"GEO241",45434,"CTY63"
"GEO242",45458,"CTY225"
"GEO243",46077,"CTY972"
"GEO244",46240,"CTY413"
"GEO245",46802,"CTY321"
"GEO246",46818,"CTY321"
"GEO247",48092,"CTY921"
"GEO248",48103,"CTY27"
"GEO249",48872,"CTY672"
"GEO250",51040,"CTY635"
"GEO251",53213,"CTY553"
"GEO252",53217,"CTY553"
"GEO253",53593,"CTY905"
"GEO254",54313,"CTY365"
"GEO255",54660,"CTY870"
"GEO256",55401,"CTY555"
"GEO257",55414,"CTY555"
"GEO258",57717,"CTY67"
"GEO259",60016,"CTY237"
"GEO260",60047,"CTY458"
"GEO261",60048,"CTY480"
"GEO262",60077,"CTY805"
"GEO263",60088,"CTY363"
"GEO264",60089,"CTY115"
"GEO265",60107,"CTY840"
"GEO266",60134,"CTY339"
"GEO267",60532,"CTY484"
"GEO268",60611,"CTY161"
"GEO269",60616,"CTY161"
"GEO270",60659,"CTY161"
"GEO271",62220,"CTY68"
"GEO272",62225,"CTY778"
"GEO273",62281,"CTY756"
"GEO274",63021,"CTY51"
"GEO275",63137,"CTY758"
"GEO276",63139,"CTY758"
"GEO277",63368,"CTY615"
"GEO278",64093,"CTY922"
"GEO279",64118,"CTY427"
"GEO280",64152,"CTY428"
"GEO281",65049,"CTY455"
"GEO282",65473,"CTY318"
"GEO283",65571,"CTY844"
"GEO284",65583,"CTY931"
"GEO285",66027,"CTY316"
"GEO286",66502,"CTY512"
"GEO287",68022,"CTY264"
"GEO288",68123,"CTY70"
"GEO289",70056,"CTY863"
"GEO290",70586,"CTY907"
"GEO291",70634,"CTY235"
"GEO292",71115,"CTY799"
"GEO293",72712,"CTY78"
"GEO294",72714,"CTY66"
"GEO295",73064,"CTY579"
"GEO296",73071,"CTY604"
"GEO297",73703,"CTY273"
"GEO298",75006,"CTY135"
"GEO299",75024,"CTY678"
"GEO300",75208,"CTY216"
"GEO301",75407,"CTY702"
"GEO302",76092,"CTY819"
"GEO303",76504,"CTY861"
"GEO304",76513,"CTY73"
"GEO305",76544,"CTY311"
"GEO306",76544,"CTY307"
"GEO307",76544,"CTY308"
"GEO308",76549,"CTY438"
"GEO309",76906,"CTY764"
"GEO310",77057,"CTY401"
"GEO311",77441,"CTY331"
"GEO312",77521,"CTY59"
"GEO313",77573,"CTY472"
"GEO314",78046,"CTY465"
"GEO315",78222,"CTY765"
"GEO316",78234,"CTY420"
"GEO317",78236,"CTY421"
"GEO318",78244,"CTY765"
"GEO319",78253,"CTY765"
"GEO320",78253,"CTY766"
"GEO321",78413,"CTY194"
"GEO322",78634,"CTY407"
"GEO323",78641,"CTY473"
"GEO324",78704,"CTY48"
"GEO325",78717,"CTY49"
"GEO326",78727,"CTY48"
"GEO327",79908,"CTY258"
"GEO328",79912,"CTY258"
"GEO329",79934,"CTY258"
"GEO330",79938,"CTY258"
"GEO331",80104,"CTY141"
"GEO332",80111,"CTY272"
"GEO333",80111,"CTY370"
"GEO334",80125,"CTY485"
"GEO335",80132,"CTY565"
"GEO336",80206,"CTY234"
"GEO337",80209,"CTY234"
"GEO338",80534,"CTY422"
"GEO339",80547,"CTY866"
"GEO340",80550,"CTY952"
"GEO341",80902,"CTY181"
"GEO342",80908,"CTY181"
"GEO343",80913,"CTY181"
"GEO344",80917,"CTY181"
"GEO345",80920,"CTY181"
"GEO346",80921,"CTY181"
"GEO347",80924,"CTY181"
"GEO348",80927,"CTY181"
"GEO349",82001,"CTY160"
"GEO350",82009,"CTY160"
"GEO351",83202,"CTY680"
"GEO352",83353,"CTY847"
"GEO353",83702,"CTY90"
"GEO354",83814,"CTY177"
"GEO355",83854,"CTY695"
"GEO356",84062,"CTY679"
"GEO357",84118,"CTY762"
"GEO358",84401,"CTY625"
"GEO359",85016,"CTY674"
"GEO360",85017,"CTY674"
"GEO361",85053,"CTY674"
"GEO362",85119,"CTY30"
"GEO363",85138,"CTY518"
"GEO364",85250,"CTY779"
"GEO365",85251,"CTY779"
"GEO366",85254,"CTY779"
"GEO367",85255,"CTY779"
"GEO368",85281,"CTY860"
"GEO369",85339,"CTY471"
"GEO370",85379,"CTY852"
"GEO371",85396,"CTY110"
"GEO372",85613,"CTY312"
"GEO373",85648,"CTY732"
"GEO374",85750,"CTY879"
"GEO375",87120,"CTY10"
"GEO376",88011,"CTY467"
"GEO377",88330,"CTY397"
"GEO378",89012,"CTY390"
"GEO379",89032,"CTY610"
"GEO380",89060,"CTY657"
"GEO381",89084,"CTY610"
"GEO382",89085,"CTY610"
"GEO383",89113,"CTY468"
"GEO384",89119,"CTY468"
"GEO385",89129,"CTY468"
"GEO386",89130,"CTY468"
"GEO387",89145,"CTY468"
"GEO388",89146,"CTY468"
"GEO389",89406,"CTY291"
"GEO390",89436,"CTY822"
"GEO391",89441,"CTY822"
"GEO392",89449,"CTY835"
"GEO393",89502,"CTY724"
"GEO394",90005,"CTY495"
"GEO395",90025,"CTY495"
"GEO396",90064,"CTY495"
"GEO397",90068,"CTY495"
"GEO398",90232,"CTY208"
"GEO399",90250,"CTY387"
"GEO400",90504,"CTY873"
"GEO401",90620,"CTY114"
"GEO402",90717,"CTY487"
"GEO403",90720,"CTY215"
"GEO404",91006,"CTY32"
"GEO405",91016,"CTY561"
"GEO406",91302,"CTY394"
"GEO407",91302,"CTY123"
"GEO408",91307,"CTY936"
"GEO409",91913,"CTY164"
"GEO410",92020,"CTY257"
"GEO411",92027,"CTY280"
"GEO412",92028,"CTY290"
"GEO413",92037,"CTY446"
"GEO414",92040,"CTY460"
"GEO415",92056,"CTY623"
"GEO416",92057,"CTY623"
"GEO417",92058,"CTY623"
"GEO418",92065,"CTY716"
"GEO419",92102,"CTY768"
"GEO420",92103,"CTY768"
"GEO421",92105,"CTY768"
"GEO422",92106,"CTY768"
"GEO423",92107,"CTY768"
"GEO424",92109,"CTY768"
"GEO425",92110,"CTY768"
"GEO426",92118,"CTY193"
"GEO427",92119,"CTY768"
"GEO428",92124,"CTY768"
"GEO429",92126,"CTY768"
"GEO430",92127,"CTY768"
"GEO431",92154,"CTY768"
"GEO432",92178,"CTY193"
"GEO433",92225,"CTY88"
"GEO434",92234,"CTY142"
"GEO435",92262,"CTY660"
"GEO436",92310,"CTY313"
"GEO437",92311,"CTY55"
"GEO438",92342,"CTY389"
"GEO439",92503,"CTY735"
"GEO440",92557,"CTY566"
"GEO441",92562,"CTY578"
"GEO442",92563,"CTY578"
"GEO443",92585,"CTY538"
"GEO444",92591,"CTY859"
"GEO445",92595,"CTY947"
"GEO446",92596,"CTY951"
"GEO447",92606,"CTY416"
"GEO448",92614,"CTY416"
"GEO449",92629,"CTY219"
"GEO450",92630,"CTY452"
"GEO451",92646,"CTY403"
"GEO452",92648,"CTY403"
"GEO453",92656,"CTY450"
"GEO454",92656,"CTY15"
"GEO455",92677,"CTY451"
"GEO456",92679,"CTY876"
"GEO457",92694,"CTY449"
"GEO458",92782,"CTY885"
"GEO459",92801,"CTY24"
"GEO460",92844,"CTY336"
"GEO461",92886,"CTY969"
"GEO462",93012,"CTY128"
"GEO463",93041,"CTY686"
"GEO464",93230,"CTY378"
"GEO465",93420,"CTY39"
"GEO466",93505,"CTY126"
"GEO467",93523,"CTY255"
"GEO468",93722,"CTY328"
"GEO469",93933,"CTY519"
"GEO470",93940,"CTY563"
"GEO471",93950,"CTY654"
"GEO472",93955,"CTY781"
"GEO473",94040,"CTY571"
"GEO474",94041,"CTY571"
"GEO475",94043,"CTY571"
"GEO476",94044,"CTY655"
"GEO477",94063,"CTY723"
"GEO478",94066,"CTY767"
"GEO479",94087,"CTY849"
"GEO480",94089,"CTY849"
"GEO481",94131,"CTY769"
"GEO482",94132,"CTY769"
"GEO483",94159,"CTY769"
"GEO484",94303,"CTY661"
"GEO485",94501,"CTY9"
"GEO486",94510,"CTY76"
"GEO487",94560,"CTY591"
"GEO488",94565,"CTY58"
"GEO489",94568,"CTY241"
"GEO490",94590,"CTY896"
"GEO491",94596,"CTY916"
"GEO492",94611,"CTY675"
"GEO493",94707,"CTY79"
"GEO494",94939,"CTY466"
"GEO495",94941,"CTY549"
"GEO496",94947,"CTY614"
"GEO497",95008,"CTY131"
"GEO498",95014,"CTY210"
"GEO499",95051,"CTY773"
"GEO500",95070,"CTY775"
"GEO501",95112,"CTY770"
"GEO502",95117,"CTY770"
"GEO503",95124,"CTY770"
"GEO504",95129,"CTY770"
"GEO505",95131,"CTY770"
"GEO506",95133,"CTY770"
"GEO507",95134,"CTY770"
"GEO508",95138,"CTY770"
"GEO509",95382,"CTY884"
"GEO510",95391,"CTY877"
"GEO511",95446,"CTY373"
"GEO512",95605,"CTY940"
"GEO513",95661,"CTY749"
"GEO514",95687,"CTY894"
"GEO515",95688,"CTY894"
"GEO516",95747,"CTY749"
"GEO517",95757,"CTY263"
"GEO518",95828,"CTY755"
"GEO519",95833,"CTY755"
"GEO520",95865,"CTY755"
"GEO521",95903,"CTY60"
"GEO522",96716,"CTY377"
"GEO523",96753,"CTY437"
"GEO524",96779,"CTY658"
"GEO525",96929,"CTY227"
"GEO526",97015,"CTY167"
"GEO527",97024,"CTY288"
"GEO528",97034,"CTY454"
"GEO529",97042,"CTY576"
"GEO530",97080,"CTY371"
"GEO531",97089,"CTY218"
"GEO532",97123,"CTY396"
"GEO533",97138,"CTY782"
"GEO534",97208,"CTY690"
"GEO535",97209,"CTY690"
"GEO536",97213,"CTY690"
"GEO537",97220,"CTY690"
"GEO538",97225,"CTY691"
"GEO539",97229,"CTY691"
"GEO540",97230,"CTY690"
"GEO541",97239,"CTY690"
"GEO542",97267,"CTY692"
"GEO543",97304,"CTY760"
"GEO544",97330,"CTY195"
"GEO545",97702,"CTY74"
"GEO546",97862,"CTY552"
"GEO547",98001,"CTY45"
"GEO548",98001,"CTY14"
"GEO549",98001,"CTY296"
"GEO550",98001,"CTY433"
"GEO551",98001,"CTY651"
"GEO552",98002,"CTY45"
"GEO553",98003,"CTY296"
"GEO554",98004,"CTY69"
"GEO555",98004,"CTY176"
"GEO556",98004,"CTY61"
"GEO557",98004,"CTY967"
"GEO558",98004,"CTY405"
"GEO559",98004,"CTY440"
"GEO560",98005,"CTY69"
"GEO561",98006,"CTY69"
"GEO562",98006,"CTY592"
"GEO563",98006,"CTY417"
"GEO564",98007,"CTY69"
"GEO565",98008,"CTY69"
"GEO566",98010,"CTY86"
"GEO567",98010,"CTY516"
"GEO568",98011,"CTY93"
"GEO569",98011,"CTY440"
"GEO570",98011,"CTY92"
"GEO571",98012,"CTY548"
"GEO572",98012,"CTY92"
"GEO573",98012,"CTY284"
"GEO574",98014,"CTY134"
"GEO575",98014,"CTY722"
"GEO576",98014,"CTY245"
"GEO577",98019,"CTY245"
"GEO578",98019,"CTY134"
"GEO579",98020,"CTY252"
"GEO580",98020,"CTY962"
"GEO581",98020,"CTY797"
"GEO582",98021,"CTY92"
"GEO583",98022,"CTY275"
"GEO584",98022,"CTY276"
"GEO585",98023,"CTY296"
"GEO586",98024,"CTY289"
"GEO587",98024,"CTY810"
"GEO588",98024,"CTY700"
"GEO589",98026,"CTY252"
"GEO590",98027,"CTY417"
"GEO591",98027,"CTY700"
"GEO592",98027,"CTY725"
"GEO593",98027,"CTY69"
"GEO594",98027,"CTY516"
"GEO595",98028,"CTY431"
"GEO596",98028,"CTY93"
"GEO597",98029,"CTY417"
"GEO598",98029,"CTY763"
"GEO599",98030,"CTY433"
"GEO600",98031,"CTY433"
"GEO601",98031,"CTY725"
"GEO602",98032,"CTY433"
"GEO603",98032,"CTY783"
"GEO604",98032,"CTY236"
"GEO605",98032,"CTY880"
"GEO606",98033,"CTY440"
"GEO607",98033,"CTY722"
"GEO608",98033,"CTY69"
"GEO609",98034,"CTY440"
"GEO610",98034,"CTY93"
"GEO611",98035,"CTY433"
"GEO612",98036,"CTY503"
"GEO613",98036,"CTY105"
"GEO614",98036,"CTY92"
"GEO615",98036,"CTY252"
"GEO616",98037,"CTY503"
"GEO617",98038,"CTY516"
"GEO618",98038,"CTY725"
"GEO619",98038,"CTY433"
"GEO620",98038,"CTY718"
"GEO621",98039,"CTY534"
"GEO622",98040,"CTY540"
"GEO623",98041,"CTY93"
"GEO624",98042,"CTY433"
"GEO625",98042,"CTY203"
"GEO626",98042,"CTY86"
"GEO627",98042,"CTY725"
"GEO628",98042,"CTY45"
"GEO629",98043,"CTY572"
"GEO630",98045,"CTY606"
"GEO631",98045,"CTY516"
"GEO632",98045,"CTY811"
"GEO633",98047,"CTY651"
"GEO634",98047,"CTY652"
"GEO635",98050,"CTY700"
"GEO636",98051,"CTY718"
"GEO637",98051,"CTY516"
"GEO638",98052,"CTY722"
"GEO639",98052,"CTY959"
"GEO640",98053,"CTY722"
"GEO641",98053,"CTY959"
"GEO642",98053,"CTY763"
"GEO643",98053,"CTY134"
"GEO644",98055,"CTY725"
"GEO645",98055,"CTY784"
"GEO646",98055,"CTY433"
"GEO647",98056,"CTY725"
"GEO648",98056,"CTY592"
"GEO649",98057,"CTY725"
"GEO650",98058,"CTY725"
"GEO651",98058,"CTY433"
"GEO652",98058,"CTY516"
"GEO653",98059,"CTY725"
"GEO654",98059,"CTY592"
"GEO655",98059,"CTY516"
"GEO656",98059,"CTY417"
"GEO657",98064,"CTY433"
"GEO658",98065,"CTY810"
"GEO659",98065,"CTY606"
"GEO660",98068,"CTY811"
"GEO661",98068,"CTY812"
"GEO662",98070,"CTY901"
"GEO663",98072,"CTY958"
"GEO664",98072,"CTY959"
"GEO665",98072,"CTY722"
"GEO666",98072,"CTY93"
"GEO667",98072,"CTY92"
"GEO668",98072,"CTY245"
"GEO669",98072,"CTY440"
"GEO670",98074,"CTY763"
"GEO671",98074,"CTY722"
"GEO672",98075,"CTY763"
"GEO673",98075,"CTY417"
"GEO674",98077,"CTY959"
"GEO675",98077,"CTY958"
"GEO676",98087,"CTY503"
"GEO677",98087,"CTY521"
"GEO678",98092,"CTY45"
"GEO679",98092,"CTY46"
"GEO680",98092,"CTY433"
"GEO681",98101,"CTY784"
"GEO682",98102,"CTY784"
"GEO683",98103,"CTY784"
"GEO684",98104,"CTY784"
"GEO685",98105,"CTY784"
"GEO686",98106,"CTY784"
"GEO687",98107,"CTY784"
"GEO688",98108,"CTY784"
"GEO689",98108,"CTY880"
"GEO690",98109,"CTY784"
"GEO691",98110,"CTY50"
"GEO692",98111,"CTY784"
"GEO693",98112,"CTY784"
"GEO694",98115,"CTY784"
"GEO695",98116,"CTY784"
"GEO696",98117,"CTY784"
"GEO697",98118,"CTY784"
"GEO698",98119,"CTY784"
"GEO699",98121,"CTY784"
"GEO700",98122,"CTY784"
"GEO701",98124,"CTY784"
"GEO702",98125,"CTY784"
"GEO703",98126,"CTY784"
"GEO704",98127,"CTY784"
"GEO705",98133,"CTY784"
"GEO706",98133,"CTY797"
"GEO707",98134,"CTY784"
"GEO708",98136,"CTY784"
"GEO709",98144,"CTY784"
"GEO710",98146,"CTY784"
"GEO711",98146,"CTY118"
"GEO712",98148,"CTY118"
"GEO713",98148,"CTY236"
"GEO714",98148,"CTY605"
"GEO715",98148,"CTY783"
"GEO716",98148,"CTY784"
"GEO717",98155,"CTY797"
"GEO718",98155,"CTY453"
"GEO719",98155,"CTY784"
"GEO720",98158,"CTY783"
"GEO721",98160,"CTY784"
"GEO722",98164,"CTY784"
"GEO723",98166,"CTY118"
"GEO724",98166,"CTY605"
"GEO725",98166,"CTY784"
"GEO726",98168,"CTY880"
"GEO727",98168,"CTY118"
"GEO728",98168,"CTY783"
"GEO729",98168,"CTY784"
"GEO730",98177,"CTY784"
"GEO731",98177,"CTY797"
"GEO732",98177,"CTY798"
"GEO733",98178,"CTY784"
"GEO734",98178,"CTY880"
"GEO735",98178,"CTY725"
"GEO736",98188,"CTY880"
"GEO737",98188,"CTY783"
"GEO738",98188,"CTY784"
"GEO739",98195,"CTY784"
"GEO740",98198,"CTY236"
"GEO741",98198,"CTY783"
"GEO742",98198,"CTY605"
"GEO743",98198,"CTY784"
"GEO744",98199,"CTY784"
"GEO745",98201,"CTY284"
"GEO746",98203,"CTY284"
"GEO747",98204,"CTY284"
"GEO748",98206,"CTY284"
"GEO749",98208,"CTY284"
"GEO750",98220,"CTY5"
"GEO751",98221,"CTY22"
"GEO752",98221,"CTY23"
"GEO753",98221,"CTY226"
"GEO754",98223,"CTY35"
"GEO755",98224,"CTY54"
"GEO756",98224,"CTY806"
"GEO757",98225,"CTY71"
"GEO758",98226,"CTY71"
"GEO759",98229,"CTY71"
"GEO760",98229,"CTY72"
"GEO761",98230,"CTY87"
"GEO762",98231,"CTY87"
"GEO763",98232,"CTY94"
"GEO764",98233,"CTY120"
"GEO765",98235,"CTY173"
"GEO766",98236,"CTY175"
"GEO767",98237,"CTY187"
"GEO768",98239,"CTY202"
"GEO769",98240,"CTY214"
"GEO770",98241,"CTY221"
"GEO771",98241,"CTY222"
"GEO772",98243,"CTY638"
"GEO773",98243,"CTY228"
"GEO774",98244,"CTY233"
"GEO775",98244,"CTY344"
"GEO776",98245,"CTY248"
"GEO777",98245,"CTY638"
"GEO778",98247,"CTY285"
"GEO779",98248,"CTY298"
"GEO780",98249,"CTY327"
"GEO781",98249,"CTY464"
"GEO782",98250,"CTY329"
"GEO783",98250,"CTY771"
"GEO784",98251,"CTY347"
"GEO785",98251,"CTY348"
"GEO786",98252,"CTY358"
"GEO787",98253,"CTY367"
"GEO788",98253,"CTY202"
"GEO789",98255,"CTY375"
"GEO790",98256,"CTY412"
"GEO791",98257,"CTY445"
"GEO792",98258,"CTY456"
"GEO793",98260,"CTY464"
"GEO794",98261,"CTY493"
"GEO795",98261,"CTY492"
"GEO796",98262,"CTY499"
"GEO797",98263,"CTY501"
"GEO798",98264,"CTY502"
"GEO799",98266,"CTY515"
"GEO800",98267,"CTY517"
"GEO801",98270,"CTY523"
"GEO802",98271,"CTY523"
"GEO803",98271,"CTY881"
"GEO804",98271,"CTY832"
"GEO805",98272,"CTY560"
"GEO806",98273,"CTY570"
"GEO807",98274,"CTY570"
"GEO808",98275,"CTY575"
"GEO809",98276,"CTY601"
"GEO810",98277,"CTY616"
"GEO811",98278,"CTY616"
"GEO812",98279,"CTY630"
"GEO813",98279,"CTY638"
"GEO814",98280,"CTY637"
"GEO815",98281,"CTY681"
"GEO816",98282,"CTY127"
"GEO817",98283,"CTY743"
"GEO818",98284,"CTY788"
"GEO819",98284,"CTY786"
"GEO820",98284,"CTY787"
"GEO821",98286,"CTY795"
"GEO822",98288,"CTY806"
"GEO823",98290,"CTY809"
"GEO824",98292,"CTY832"
"GEO825",98292,"CTY523"
"GEO826",98292,"CTY833"
"GEO827",98294,"CTY842"
"GEO828",98294,"CTY412"
"GEO829",98294,"CTY834"
"GEO830",98295,"CTY843"
"GEO831",98296,"CTY809"
"GEO832",98297,"CTY913"
"GEO833",98303,"CTY26"
"GEO834",98304,"CTY41"
"GEO835",98304,"CTY42"
"GEO836",98305,"CTY62"
"GEO837",98310,"CTY98"
"GEO838",98311,"CTY98"
"GEO839",98311,"CTY802"
"GEO840",98312,"CTY98"
"GEO841",98312,"CTY688"
"GEO842",98314,"CTY98"
"GEO843",98315,"CTY802"
"GEO844",98320,"CTY106"
"GEO845",98321,"CTY111"
"GEO846",98323,"CTY132"
"GEO847",98325,"CTY162"
"GEO848",98325,"CTY689"
"GEO849",98326,"CTY168"
"GEO850",98327,"CTY244"
"GEO851",98328,"CTY249"
"GEO852",98329,"CTY342"
"GEO853",98329,"CTY343"
"GEO854",98329,"CTY688"
"GEO855",98330,"CTY259"
"GEO856",98331,"CTY303"
"GEO857",98331,"CTY304"
"GEO858",98332,"CTY342"
"GEO859",98333,"CTY322"
"GEO860",98335,"CTY342"
"GEO861",98335,"CTY40"
"GEO862",98336,"CTY345"
"GEO863",98337,"CTY98"
"GEO864",98338,"CTY351"
"GEO865",98339,"CTY685"
"GEO866",98340,"CTY380"
"GEO867",98342,"CTY414"
"GEO868",98344,"CTY429"
"GEO869",98345,"CTY436"
"GEO870",98346,"CTY439"
"GEO871",98349,"CTY459"
"GEO872",98351,"CTY489"
"GEO873",98354,"CTY550"
"GEO874",98354,"CTY551"
"GEO875",98355,"CTY554"
"GEO876",98356,"CTY567"
"GEO877",98357,"CTY586"
"GEO878",98358,"CTY602"
"GEO879",98359,"CTY628"
"GEO880",98359,"CTY688"
"GEO881",98360,"CTY643"
"GEO882",98361,"CTY656"
"GEO883",98362,"CTY683"
"GEO884",98363,"CTY683"
"GEO885",98365,"CTY687"
"GEO886",98366,"CTY688"
"GEO887",98367,"CTY688"
"GEO888",98368,"CTY689"
"GEO889",98370,"CTY696"
"GEO890",98370,"CTY98"
"GEO891",98370,"CTY414"
"GEO892",98370,"CTY684"
"GEO893",98370,"CTY697"
"GEO894",98370,"CTY439"
"GEO895",98371,"CTY709"
"GEO896",98371,"CTY251"
"GEO897",98372,"CTY709"
"GEO898",98372,"CTY251"
"GEO899",98373,"CTY817"
"GEO900",98373,"CTY709"
"GEO901",98374,"CTY709"
"GEO902",98374,"CTY817"
"GEO903",98375,"CTY817"
"GEO904",98375,"CTY709"
"GEO905",98376,"CTY710"
"GEO906",98377,"CTY717"
"GEO907",98377,"CTY656"
"GEO908",98380,"CTY780"
"GEO909",98380,"CTY98"
"GEO910",98381,"CTY789"
"GEO911",98382,"CTY791"
"GEO912",98382,"CTY792"
"GEO913",98382,"CTY337"
"GEO914",98383,"CTY802"
"GEO915",98385,"CTY818"
"GEO916",98387,"CTY820"
"GEO917",98388,"CTY836"
"GEO918",98390,"CTY846"
"GEO919",98391,"CTY91"
"GEO920",98391,"CTY457"
"GEO921",98392,"CTY850"
"GEO922",98392,"CTY696"
"GEO923",98394,"CTY903"
"GEO924",98396,"CTY948"
"GEO925",98402,"CTY853"
"GEO926",98403,"CTY853"
"GEO927",98404,"CTY853"
"GEO928",98405,"CTY853"
"GEO929",98406,"CTY853"
"GEO930",98407,"CTY853"
"GEO931",98407,"CTY753"
"GEO932",98408,"CTY853"
"GEO933",98409,"CTY853"
"GEO934",98411,"CTY853"
"GEO935",98416,"CTY853"
"GEO936",98417,"CTY853"
"GEO937",98418,"CTY853"
"GEO938",98421,"CTY853"
"GEO939",98422,"CTY853"
"GEO940",98422,"CTY296"
"GEO941",98424,"CTY299"
"GEO942",98431,"CTY853"
"GEO943",98433,"CTY423"
"GEO944",98433,"CTY853"
"GEO945",98438,"CTY423"
"GEO946",98439,"CTY462"
"GEO947",98439,"CTY528"
"GEO948",98443,"CTY853"
"GEO949",98444,"CTY853"
"GEO950",98444,"CTY664"
"GEO951",98445,"CTY853"
"GEO952",98446,"CTY664"
"GEO953",98446,"CTY853"
"GEO954",98465,"CTY853"
"GEO955",98466,"CTY300"
"GEO956",98466,"CTY891"
"GEO957",98466,"CTY853"
"GEO958",98467,"CTY891"
"GEO959",98493,"CTY853"
"GEO960",98496,"CTY462"
"GEO961",98498,"CTY462"
"GEO962",98499,"CTY462"
"GEO963",98499,"CTY411"
"GEO964",98501,"CTY883"
"GEO965",98501,"CTY631"
"GEO966",98502,"CTY631"
"GEO967",98502,"CTY632"
"GEO968",98503,"CTY447"
"GEO969",98503,"CTY631"
"GEO970",98504,"CTY631"
"GEO971",98506,"CTY631"
"GEO972",98506,"CTY447"
"GEO973",98507,"CTY631"
"GEO974",98512,"CTY883"
"GEO975",98512,"CTY631"
"GEO976",98513,"CTY631"
"GEO977",98513,"CTY447"
"GEO978",98516,"CTY631"
"GEO979",98516,"CTY447"
"GEO980",98520,"CTY1"
"GEO981",98524,"CTY16"
"GEO982",98526,"CTY19"
"GEO983",98527,"CTY57"
"GEO984",98528,"CTY64"
"GEO985",98528,"CTY65"
"GEO986",98530,"CTY112"
"GEO987",98531,"CTY145"
"GEO988",98531,"CTY146"
"GEO989",98531,"CTY151"
"GEO990",98532,"CTY151"
"GEO991",98532,"CTY212"
"GEO992",98532,"CTY634"
"GEO993",98532,"CTY281"
"GEO994",98532,"CTY582"
"GEO995",98533,"CTY166"
"GEO996",98535,"CTY189"
"GEO997",98536,"CTY190"
"GEO998",98537,"CTY196"
"GEO999",98538,"CTY212"
"GEO1000",98541,"CTY267"
"GEO1001",98541,"CTY268"
"GEO1002",98542,"CTY281"
"GEO1003",98542,"CTY151"
"GEO1004",98544,"CTY335"
"GEO1005",98546,"CTY359"
"GEO1006",98547,"CTY360"
"GEO1007",98547,"CTY609"
"GEO1008",98547,"CTY361"
"GEO1009",98548,"CTY399"
"GEO1010",98550,"CTY400"
"GEO1011",98555,"CTY481"
"GEO1012",98557,"CTY529"
"GEO1013",98557,"CTY530"
"GEO1014",98558,"CTY531"
"GEO1015",98560,"CTY524"
"GEO1016",98562,"CTY557"
"GEO1017",98563,"CTY564"
"GEO1018",98564,"CTY569"
"GEO1019",98565,"CTY582"
"GEO1020",98568,"CTY619"
"GEO1021",98568,"CTY620"
"GEO1022",98569,"CTY622"
"GEO1023",98570,"CTY634"
"GEO1024",98571,"CTY653"
"GEO1025",98572,"CTY670"
"GEO1026",98575,"CTY711"
"GEO1027",98576,"CTY715"
"GEO1028",98577,"CTY719"
"GEO1029",98577,"CTY539"
"GEO1030",98577,"CTY949"
"GEO1031",98577,"CTY815"
"GEO1032",98577,"CTY475"
"GEO1033",98577,"CTY323"
"GEO1034",98577,"CTY807"
"GEO1035",98579,"CTY736"
"GEO1036",98579,"CTY737"
"GEO1037",98580,"CTY751"
"GEO1038",98581,"CTY754"
"GEO1039",98582,"CTY761"
"GEO1040",98583,"CTY777"
"GEO1041",98584,"CTY796"
"GEO1042",98584,"CTY399"
"GEO1043",98585,"CTY800"
"GEO1044",98586,"CTY57"
"GEO1045",98586,"CTY815"
"GEO1046",98586,"CTY587"
"GEO1047",98587,"CTY854"
"GEO1048",98588,"CTY855"
"GEO1049",98589,"CTY862"
"GEO1050",98590,"CTY868"
"GEO1051",98590,"CTY609"
"GEO1052",98591,"CTY869"
"GEO1053",98592,"CTY888"
"GEO1054",98593,"CTY895"
"GEO1055",98595,"CTY942"
"GEO1056",98596,"CTY953"
"GEO1057",98597,"CTY968"
"GEO1058",98601,"CTY20"
"GEO1059",98601,"CTY21"
"GEO1060",98603,"CTY34"
"GEO1061",98604,"CTY56"
"GEO1062",98605,"CTY84"
"GEO1063",98605,"CTY85"
"GEO1064",98606,"CTY109"
"GEO1065",98607,"CTY129"
"GEO1066",98610,"CTY136"
"GEO1067",98611,"CTY140"
"GEO1068",98612,"CTY143"
"GEO1069",98613,"CTY144"
"GEO1070",98614,"CTY163"
"GEO1071",98616,"CTY197"
"GEO1072",98617,"CTY217"
"GEO1073",98617,"CTY577"
"GEO1074",98619,"CTY346"
"GEO1075",98620,"CTY349"
"GEO1076",98620,"CTY144"
"GEO1077",98620,"CTY745"
"GEO1078",98620,"CTY522"
"GEO1079",98621,"CTY362"
"GEO1080",98624,"CTY409"
"GEO1081",98624,"CTY785"
"GEO1082",98625,"CTY426"
"GEO1083",98626,"CTY430"
"GEO1084",98628,"CTY443"
"GEO1085",98629,"CTY444"
"GEO1086",98631,"CTY488"
"GEO1087",98631,"CTY621"
"GEO1088",98632,"CTY490"
"GEO1089",98632,"CTY143"
"GEO1090",98634,"CTY488"
"GEO1091",98635,"CTY500"
"GEO1092",98635,"CTY443"
"GEO1093",98635,"CTY577"
"GEO1094",98635,"CTY395"
"GEO1095",98635,"CTY217"
"GEO1096",98635,"CTY943"
"GEO1097",98635,"CTY31"
"GEO1098",98638,"CTY583"
"GEO1099",98638,"CTY584"
"GEO1100",98639,"CTY607"
"GEO1101",98640,"CTY621"
"GEO1102",98640,"CTY851"
"GEO1103",98640,"CTY650"
"GEO1104",98640,"CTY581"
"GEO1105",98641,"CTY650"
"GEO1106",98642,"CTY730"
"GEO1107",98643,"CTY748"
"GEO1108",98644,"CTY785"
"GEO1109",98645,"CTY803"
"GEO1110",98645,"CTY801"
"GEO1111",98647,"CTY804"
"GEO1112",98648,"CTY838"
"GEO1113",98649,"CTY875"
"GEO1114",98650,"CTY878"
"GEO1115",98651,"CTY887"
"GEO1116",98660,"CTY899"
"GEO1117",98661,"CTY899"
"GEO1118",98662,"CTY899"
"GEO1119",98663,"CTY899"
"GEO1120",98664,"CTY899"
"GEO1121",98665,"CTY899"
"GEO1122",98668,"CTY899"
"GEO1123",98670,"CTY910"
"GEO1124",98671,"CTY925"
"GEO1125",98671,"CTY926"
"GEO1126",98672,"CTY943"
"GEO1127",98672,"CTY813"
"GEO1128",98672,"CTY406"
"GEO1129",98672,"CTY944"
"GEO1130",98672,"CTY122"
"GEO1131",98672,"CTY612"
"GEO1132",98673,"CTY956"
"GEO1133",98674,"CTY960"
"GEO1134",98674,"CTY961"
"GEO1135",98675,"CTY964"
"GEO1136",98682,"CTY899"
"GEO1137",98683,"CTY899"
"GEO1138",98684,"CTY899"
"GEO1139",98685,"CTY899"
"GEO1140",98686,"CTY899"
"GEO1141",98801,"CTY933"
"GEO1142",98802,"CTY246"
"GEO1143",98811,"CTY33"
"GEO1144",98812,"CTY104"
"GEO1145",98812,"CTY101"
"GEO1146",98812,"CTY513"
"GEO1147",98812,"CTY509"
"GEO1148",98813,"CTY103"
"GEO1149",98814,"CTY133"
"GEO1150",98815,"CTY139"
"GEO1151",98816,"CTY152"
"GEO1152",98816,"CTY153"
"GEO1153",98817,"CTY154"
"GEO1154",98819,"CTY186"
"GEO1155",98821,"CTY240"
"GEO1156",98822,"CTY274"
"GEO1157",98823,"CTY277"
"GEO1158",98823,"CTY278"
"GEO1159",98826,"CTY474"
"GEO1160",98828,"CTY506"
"GEO1161",98830,"CTY513"
"GEO1162",98831,"CTY514"
"GEO1163",98832,"CTY520"
"GEO1164",98833,"CTY526"
"GEO1165",98833,"CTY955"
"GEO1166",98834,"CTY543"
"GEO1167",98834,"CTY133"
"GEO1168",98836,"CTY559"
"GEO1169",98837,"CTY568"
"GEO1170",98840,"CTY626"
"GEO1171",98840,"CTY509"
"GEO1172",98841,"CTY633"
"GEO1173",98843,"CTY641"
"GEO1174",98844,"CTY642"
"GEO1175",98845,"CTY659"
"GEO1176",98846,"CTY543"
"GEO1177",98846,"CTY668"
"GEO1178",98847,"CTY673"
"GEO1179",98847,"CTY474"
"GEO1180",98848,"CTY712"
"GEO1181",98848,"CTY713"
"GEO1182",98849,"CTY734"
"GEO1183",98850,"CTY739"
"GEO1184",98851,"CTY814"
"GEO1185",98851,"CTY461"
"GEO1186",98853,"CTY839"
"GEO1187",98855,"CTY871"
"GEO1188",98856,"CTY886"
"GEO1189",98856,"CTY955"
"GEO1190",98857,"CTY919"
"GEO1191",98857,"CTY483"
"GEO1192",98858,"CTY929"
"GEO1193",98862,"CTY955"
"GEO1194",98901,"CTY965"
"GEO1195",98901,"CTY573"
"GEO1196",98901,"CTY966"
"GEO1197",98902,"CTY965"
"GEO1198",98903,"CTY965"
"GEO1199",98903,"CTY889"
"GEO1200",98908,"CTY965"
"GEO1201",98921,"CTY113"
"GEO1202",98922,"CTY172"
"GEO1203",98923,"CTY204"
"GEO1204",98925,"CTY247"
"GEO1205",98926,"CTY265"
"GEO1206",98926,"CTY864"
"GEO1207",98926,"CTY442"
"GEO1208",98930,"CTY355"
"GEO1209",98930,"CTY356"
"GEO1210",98930,"CTY504"
"GEO1211",98932,"CTY357"
"GEO1212",98932,"CTY971"
"GEO1213",98933,"CTY381"
"GEO1214",98934,"CTY442"
"GEO1215",98935,"CTY504"
"GEO1216",98936,"CTY573"
"GEO1217",98937,"CTY580"
"GEO1218",98937,"CTY865"
"GEO1219",98938,"CTY648"
"GEO1220",98939,"CTY663"
"GEO1221",98940,"CTY744"
"GEO1222",98940,"CTY750"
"GEO1223",98941,"CTY750"
"GEO1224",98942,"CTY790"
"GEO1225",98942,"CTY580"
"GEO1226",98943,"CTY816"
"GEO1227",98944,"CTY848"
"GEO1228",98946,"CTY864"
"GEO1229",98947,"CTY865"
"GEO1230",98948,"CTY872"
"GEO1231",98950,"CTY900"
"GEO1232",98951,"CTY918"
"GEO1233",98951,"CTY971"
"GEO1234",98952,"CTY945"
"GEO1235",98953,"CTY971"
"GEO1236",99001,"CTY7"
"GEO1237",99003,"CTY150"
"GEO1238",99003,"CTY230"
"GEO1239",99003,"CTY178"
"GEO1240",99004,"CTY155"
"GEO1241",99004,"CTY821"
"GEO1242",99004,"CTY823"
"GEO1243",99005,"CTY178"
"GEO1244",99005,"CTY532"
"GEO1245",99005,"CTY823"
"GEO1246",99005,"CTY230"
"GEO1247",99005,"CTY150"
"GEO1248",99006,"CTY230"
"GEO1249",99006,"CTY231"
"GEO1250",99006,"CTY150"
"GEO1251",99006,"CTY171"
"GEO1252",99006,"CTY232"
"GEO1253",99008,"CTY253"
"GEO1254",99008,"CTY254"
"GEO1255",99008,"CTY155"
"GEO1256",99009,"CTY261"
"GEO1257",99009,"CTY262"
"GEO1258",99009,"CTY150"
"GEO1259",99011,"CTY286"
"GEO1260",99012,"CTY287"
"GEO1261",99013,"CTY301"
"GEO1262",99013,"CTY302"
"GEO1263",99016,"CTY366"
"GEO1264",99016,"CTY824"
"GEO1265",99016,"CTY904"
"GEO1266",99016,"CTY479"
"GEO1267",99017,"CTY463"
"GEO1268",99018,"CTY469"
"GEO1269",99019,"CTY479"
"GEO1270",99019,"CTY366"
"GEO1271",99021,"CTY532"
"GEO1272",99021,"CTY150"
"GEO1273",99021,"CTY823"
"GEO1274",99022,"CTY533"
"GEO1275",99022,"CTY155"
"GEO1276",99023,"CTY544"
"GEO1277",99023,"CTY366"
"GEO1278",99025,"CTY594"
"GEO1279",99026,"CTY599"
"GEO1280",99026,"CTY600"
"GEO1281",99027,"CTY647"
"GEO1282",99027,"CTY824"
"GEO1283",99027,"CTY594"
"GEO1284",99029,"CTY720"
"GEO1285",99029,"CTY721"
"GEO1286",99030,"CTY740"
"GEO1287",99030,"CTY898"
"GEO1288",99031,"CTY823"
"GEO1289",99031,"CTY821"
"GEO1290",99032,"CTY825"
"GEO1291",99033,"CTY858"
"GEO1292",99034,"CTY882"
"GEO1293",99036,"CTY898"
"GEO1294",99036,"CTY823"
"GEO1295",99037,"CTY824"
"GEO1296",99037,"CTY904"
"GEO1297",99037,"CTY823"
"GEO1298",99040,"CTY932"
"GEO1299",99101,"CTY6"
"GEO1300",99103,"CTY17"
"GEO1301",99103,"CTY18"
"GEO1302",99105,"CTY75"
"GEO1303",99109,"CTY159"
"GEO1304",99110,"CTY170"
"GEO1305",99111,"CTY179"
"GEO1306",99113,"CTY182"
"GEO1307",99113,"CTY890"
"GEO1308",99114,"CTY185"
"GEO1309",99115,"CTY198"
"GEO1310",99115,"CTY199"
"GEO1311",99116,"CTY200"
"GEO1312",99116,"CTY201"
"GEO1313",99117,"CTY205"
"GEO1314",99118,"CTY211"
"GEO1315",99119,"CTY213"
"GEO1316",99121,"CTY220"
"GEO1317",99122,"CTY229"
"GEO1318",99122,"CTY223"
"GEO1319",99122,"CTY793"
"GEO1320",99123,"CTY260"
"GEO1321",99124,"CTY269"
"GEO1322",99125,"CTY271"
"GEO1323",99126,"CTY282"
"GEO1324",99128,"CTY293"
"GEO1325",99129,"CTY330"
"GEO1326",99130,"CTY338"
"GEO1327",99131,"CTY341"
"GEO1328",99133,"CTY352"
"GEO1329",99133,"CTY353"
"GEO1330",99133,"CTY354"
"GEO1331",99134,"CTY382"
"GEO1332",99135,"CTY384"
"GEO1333",99137,"CTY402"
"GEO1334",99138,"CTY410"
"GEO1335",99139,"CTY415"
"GEO1336",99141,"CTY434"
"GEO1337",99141,"CTY435"
"GEO1338",99143,"CTY448"
"GEO1339",99147,"CTY482"
"GEO1340",99148,"CTY491"
"GEO1341",99149,"CTY507"
"GEO1342",99150,"CTY508"
"GEO1343",99152,"CTY542"
"GEO1344",99155,"CTY589"
"GEO1345",99156,"CTY595"
"GEO1346",99157,"CTY611"
"GEO1347",99158,"CTY618"
"GEO1348",99159,"CTY624"
"GEO1349",99160,"CTY639"
"GEO1350",99161,"CTY662"
"GEO1351",99163,"CTY708"
"GEO1352",99166,"CTY726"
"GEO1353",99167,"CTY727"
"GEO1354",99169,"CTY733"
"GEO1355",99170,"CTY746"
"GEO1356",99170,"CTY747"
"GEO1357",99171,"CTY829"
"GEO1358",99173,"CTY827"
"GEO1359",99179,"CTY890"
"GEO1360",99180,"CTY893"
"GEO1361",99181,"CTY897"
"GEO1362",99185,"CTY946"
"GEO1363",99201,"CTY823"
"GEO1364",99202,"CTY823"
"GEO1365",99203,"CTY823"
"GEO1366",99204,"CTY823"
"GEO1367",99205,"CTY823"
"GEO1368",99206,"CTY823"
"GEO1369",99206,"CTY824"
"GEO1370",99207,"CTY823"
"GEO1371",99208,"CTY823"
"GEO1372",99208,"CTY178"
"GEO1373",99212,"CTY824"
"GEO1374",99212,"CTY823"
"GEO1375",99216,"CTY824"
"GEO1376",99216,"CTY823"
"GEO1377",99217,"CTY823"
"GEO1378",99218,"CTY823"
"GEO1379",99223,"CTY823"
"GEO1380",99223,"CTY898"
"GEO1381",99223,"CTY824"
"GEO1382",99224,"CTY823"
"GEO1383",99224,"CTY533"
"GEO1384",99224,"CTY600"
"GEO1385",99224,"CTY155"
"GEO1386",99251,"CTY823"
"GEO1387",99301,"CTY667"
"GEO1388",99301,"CTY666"
"GEO1389",99320,"CTY77"
"GEO1390",99320,"CTY939"
"GEO1391",99322,"CTY82"
"GEO1392",99323,"CTY117"
"GEO1393",99324,"CTY180"
"GEO1394",99326,"CTY188"
"GEO1395",99328,"CTY224"
"GEO1396",99329,"CTY238"
"GEO1397",99330,"CTY270"
"GEO1398",99335,"CTY425"
"GEO1399",99336,"CTY432"
"GEO1400",99337,"CTY432"
"GEO1401",99338,"CTY432"
"GEO1402",99338,"CTY729"
"GEO1403",99341,"CTY483"
"GEO1404",99343,"CTY541"
"GEO1405",99344,"CTY644"
"GEO1406",99344,"CTY385"
"GEO1407",99344,"CTY645"
"GEO1408",99344,"CTY646"
"GEO1409",99345,"CTY669"
"GEO1410",99347,"CTY682"
"GEO1411",99348,"CTY699"
"GEO1412",99349,"CTY525"
"GEO1413",99350,"CTY704"
"GEO1414",99350,"CTY11"
"GEO1415",99350,"CTY705"
"GEO1416",99350,"CTY706"
"GEO1417",99350,"CTY703"
"GEO1418",99352,"CTY729"
"GEO1419",99352,"CTY728"
"GEO1420",99353,"CTY939"
"GEO1421",99353,"CTY963"
"GEO1422",99354,"CTY729"
"GEO1423",99356,"CTY745"
"GEO1424",99357,"CTY752"
"GEO1425",99360,"CTY874"
"GEO1426",99361,"CTY911"
"GEO1427",99362,"CTY914"
"GEO1428",99362,"CTY915"
"GEO1429",99371,"CTY927"
"GEO1430",99402,"CTY43"
"GEO1431",99403,"CTY169"
"GEO1432",99517,"CTY25"
"GEO1433",,"CTY973"
"GEO1434",,"CTY974"
"GEO1435",,"CTY975"
"GEO1436",,"CTY976"
"GEO1437",,"CTY977"
"GEO1438",,"CTY978"
"GEO1439",,"CTY979"
